id,date,ts,platform,community,post_url,post_title,user_problem,category,score,action,content_type,our_response,cta_used,free_guide_shared,starter_kit_shared,reply_received,positive_response,lead,sale,revenue,status,follow_up_date,notes
73,2026-09-28,2026-09-28T01:57:15Z,reddit,r/AirbnbHosts,https://www.reddit.com/r/AirbnbHosts/search/?q=charge+for+cohosting,How do you actually charge for Airbnb co-hosting?,Owner confused on fee structure — flat vs % vs hybrid,A,12,COMMENT,LEVEL_2_TEACH,"The two main models are flat monthly ($200-800/property) and percent of booking (20-30%) + minimum. Hybrid is what most cohosts I know run — 25% + $250 floor — because it protects you when the listing dips and rewards you when it pops. If you want, I've got a free guide that walks through the actual numbers.",FREE_GUIDE,1,0,0,0,0,0,0.0,open,,Drafted by research.py
74,2026-09-28,2026-09-28T01:57:15Z,reddit,r/shorttermrentals,https://www.reddit.com/r/shorttermrentals/search/?q=scale+multiple+airbnbs,How do I scale STR ops from 1 property to 5+?,Owner/operator scaling pain: how to add units without losing quality,G,11,COMMENT,LEVEL_2_TEACH,"Practical scaling path: (1) clean SOPs per zone that any cleaner can run; (2) photo-verification per turnover (non-negotiable); (3) one pricing tool automating daily rates; (4) monthly statement template sent the 5th. Once those four systems exist, scaling is just adding properties — without them, scaling is hiring yourself into a corner.",FREE_GUIDE,1,0,0,0,0,0,0.0,open,,Drafted by research.py
75,2026-09-28,2026-09-28T01:57:15Z,reddit,r/cohosting,https://www.reddit.com/r/cohosting/search/?q=first+cohosting+client,How long to land your first cohost client?,How long does the acquisition cycle actually take?,A,7,COMMENT,LEVEL_1_VALUE,"Realistic answer based on what I see: a disciplined 30-day plan lands 1-2 clients in most markets. Without a plan, 3-6 months of inconsistent cold outreach is the norm. The bottleneck is almost always the cold-pitch cadence (5/day for 30 days) not the skill.",,0,0,0,0,0,0,0.0,open,,Drafted by research.py
76,2026-09-28,2026-09-28T01:57:15Z,reddit,r/PropertyManagement,https://www.reddit.com/r/PropertyManagement/search/?q=more+revenue+without+raising+rates,How do PMs get more revenue without raising rates?,Existing PMs looking for new services or upsells,G,3,COMMENT,LEVEL_1_VALUE,"Highest-leverage add-on for traditional PMs: short-term-rental co-hosting. Owners don't have to switch PMs — they add you for the STR side of the portfolio. 20-30% of bookings is the rate, and the workload (guest messaging, cleaners, pricing) is mostly systems-driven.",,0,0,0,0,0,0,0.0,open,,Drafted by research.py
77,2026-09-28,2026-09-28T01:57:15Z,reddit,r/RealEstate,https://www.reddit.com/r/RealEstate/search/?q=side+income+without+owning+property,Side income from real estate without owning property?,Want real-estate side income without buying,D,12,COMMENT,LEVEL_2_TEACH,"Yes — co-hosting. You take over someone else's Airbnb and run it for a fee. Most cohosts start with 1-2 units from owners in their network. If you want, we put the operating playbook (positioning brief, 30-day plan, contract template, pricing math) into a starter kit: https://www.hostflow.academy/",STARTER_KIT,0,1,0,0,0,0,0.0,open,,Drafted by research.py
78,2026-09-28,2026-09-28T01:57:15Z,reddit,r/sidehustle,https://www.reddit.com/r/sidehustle/search/?q=side+hustle+property+management,What's a real side hustle that pays $1K+/month?,Looking for a serious side hustle,D,12,COMMENT,LEVEL_2_TEACH,"If you have basic organizational skills and don't mind guest messages at 10pm: Airbnb co-hosting. One client at 25% on a $4K/month booking is $1K. Three clients and you're at $3K. The work scales through systems (cleaners, messages, pricing) not hours.",FREE_GUIDE,1,0,0,0,0,0,0.0,open,,Drafted by research.py
67,2026-09-28,2026-09-28T01:55:24Z,reddit,r/AirbnbHosts,https://www.reddit.com/r/AirbnbHosts/search/?q=charge+for+cohosting,How do you actually charge for Airbnb co-hosting?,Owner confused on fee structure — flat vs % vs hybrid,A,12,COMMENT,LEVEL_2_TEACH,"The two main models are flat monthly ($200-800/property) and percent of booking (20-30%) + minimum. Hybrid is what most cohosts I know run — 25% + $250 floor — because it protects you when the listing dips and rewards you when it pops. If you want, I've got a free guide that walks through the actual numbers.",FREE_GUIDE,1,0,0,0,0,0,0.0,open,,Drafted by research.py
68,2026-09-28,2026-09-28T01:55:24Z,reddit,r/shorttermrentals,https://www.reddit.com/r/shorttermrentals/search/?q=scale+multiple+airbnbs,How do I scale STR ops from 1 property to 5+?,Owner/operator scaling pain: how to add units without losing quality,G,11,COMMENT,LEVEL_2_TEACH,"Practical scaling path: (1) clean SOPs per zone that any cleaner can run; (2) photo-verification per turnover (non-negotiable); (3) one pricing tool automating daily rates; (4) monthly statement template sent the 5th. Once those four systems exist, scaling is just adding properties — without them, scaling is hiring yourself into a corner.",FREE_GUIDE,1,0,0,0,0,0,0.0,open,,Drafted by research.py
69,2026-09-28,2026-09-28T01:55:24Z,reddit,r/cohosting,https://www.reddit.com/r/cohosting/search/?q=first+cohosting+client,How long to land your first cohost client?,How long does the acquisition cycle actually take?,A,7,COMMENT,LEVEL_1_VALUE,"Realistic answer based on what I see: a disciplined 30-day plan lands 1-2 clients in most markets. Without a plan, 3-6 months of inconsistent cold outreach is the norm. The bottleneck is almost always the cold-pitch cadence (5/day for 30 days) not the skill.",,0,0,0,0,0,0,0.0,open,,Drafted by research.py
70,2026-09-28,2026-09-28T01:55:24Z,reddit,r/PropertyManagement,https://www.reddit.com/r/PropertyManagement/search/?q=more+revenue+without+raising+rates,How do PMs get more revenue without raising rates?,Existing PMs looking for new services or upsells,G,3,COMMENT,LEVEL_1_VALUE,"Highest-leverage add-on for traditional PMs: short-term-rental co-hosting. Owners don't have to switch PMs — they add you for the STR side of the portfolio. 20-30% of bookings is the rate, and the workload (guest messaging, cleaners, pricing) is mostly systems-driven.",,0,0,0,0,0,0,0.0,open,,Drafted by research.py
71,2026-09-28,2026-09-28T01:55:24Z,reddit,r/RealEstate,https://www.reddit.com/r/RealEstate/search/?q=side+income+without+owning+property,Side income from real estate without owning property?,Want real-estate side income without buying,D,12,COMMENT,LEVEL_2_TEACH,"Yes — co-hosting. You take over someone else's Airbnb and run it for a fee. Most cohosts start with 1-2 units from owners in their network. If you want, we put the operating playbook (positioning brief, 30-day plan, contract template, pricing math) into a starter kit: https://www.hostflow.academy/",STARTER_KIT,0,1,0,0,0,0,0.0,open,,Drafted by research.py
72,2026-09-28,2026-09-28T01:55:24Z,reddit,r/sidehustle,https://www.reddit.com/r/sidehustle/search/?q=side+hustle+property+management,What's a real side hustle that pays $1K+/month?,Looking for a serious side hustle,D,12,COMMENT,LEVEL_2_TEACH,"If you have basic organizational skills and don't mind guest messages at 10pm: Airbnb co-hosting. One client at 25% on a $4K/month booking is $1K. Three clients and you're at $3K. The work scales through systems (cleaners, messages, pricing) not hours.",FREE_GUIDE,1,0,0,0,0,0,0.0,open,,Drafted by research.py
61,2026-09-28,2026-09-28T01:55:21Z,reddit,r/AirbnbHosts,https://www.reddit.com/r/AirbnbHosts/search/?q=charge+for+cohosting,How do you actually charge for Airbnb co-hosting?,Owner confused on fee structure — flat vs % vs hybrid,A,12,COMMENT,LEVEL_2_TEACH,"The two main models are flat monthly ($200-800/property) and percent of booking (20-30%) + minimum. Hybrid is what most cohosts I know run — 25% + $250 floor — because it protects you when the listing dips and rewards you when it pops. If you want, I've got a free guide that walks through the actual numbers.",FREE_GUIDE,1,0,0,0,0,0,0.0,open,,Drafted by research.py
62,2026-09-28,2026-09-28T01:55:21Z,reddit,r/shorttermrentals,https://www.reddit.com/r/shorttermrentals/search/?q=scale+multiple+airbnbs,How do I scale STR ops from 1 property to 5+?,Owner/operator scaling pain: how to add units without losing quality,G,11,COMMENT,LEVEL_2_TEACH,"Practical scaling path: (1) clean SOPs per zone that any cleaner can run; (2) photo-verification per turnover (non-negotiable); (3) one pricing tool automating daily rates; (4) monthly statement template sent the 5th. Once those four systems exist, scaling is just adding properties — without them, scaling is hiring yourself into a corner.",FREE_GUIDE,1,0,0,0,0,0,0.0,open,,Drafted by research.py
63,2026-09-28,2026-09-28T01:55:21Z,reddit,r/cohosting,https://www.reddit.com/r/cohosting/search/?q=first+cohosting+client,How long to land your first cohost client?,How long does the acquisition cycle actually take?,A,7,COMMENT,LEVEL_1_VALUE,"Realistic answer based on what I see: a disciplined 30-day plan lands 1-2 clients in most markets. Without a plan, 3-6 months of inconsistent cold outreach is the norm. The bottleneck is almost always the cold-pitch cadence (5/day for 30 days) not the skill.",,0,0,0,0,0,0,0.0,open,,Drafted by research.py
64,2026-09-28,2026-09-28T01:55:21Z,reddit,r/PropertyManagement,https://www.reddit.com/r/PropertyManagement/search/?q=more+revenue+without+raising+rates,How do PMs get more revenue without raising rates?,Existing PMs looking for new services or upsells,G,3,COMMENT,LEVEL_1_VALUE,"Highest-leverage add-on for traditional PMs: short-term-rental co-hosting. Owners don't have to switch PMs — they add you for the STR side of the portfolio. 20-30% of bookings is the rate, and the workload (guest messaging, cleaners, pricing) is mostly systems-driven.",,0,0,0,0,0,0,0.0,open,,Drafted by research.py
65,2026-09-28,2026-09-28T01:55:21Z,reddit,r/RealEstate,https://www.reddit.com/r/RealEstate/search/?q=side+income+without+owning+property,Side income from real estate without owning property?,Want real-estate side income without buying,D,12,COMMENT,LEVEL_2_TEACH,"Yes — co-hosting. You take over someone else's Airbnb and run it for a fee. Most cohosts start with 1-2 units from owners in their network. If you want, we put the operating playbook (positioning brief, 30-day plan, contract template, pricing math) into a starter kit: https://www.hostflow.academy/",STARTER_KIT,0,1,0,0,0,0,0.0,open,,Drafted by research.py
66,2026-09-28,2026-09-28T01:55:21Z,reddit,r/sidehustle,https://www.reddit.com/r/sidehustle/search/?q=side+hustle+property+management,What's a real side hustle that pays $1K+/month?,Looking for a serious side hustle,D,12,COMMENT,LEVEL_2_TEACH,"If you have basic organizational skills and don't mind guest messages at 10pm: Airbnb co-hosting. One client at 25% on a $4K/month booking is $1K. Three clients and you're at $3K. The work scales through systems (cleaners, messages, pricing) not hours.",FREE_GUIDE,1,0,0,0,0,0,0.0,open,,Drafted by research.py
55,2026-09-28,2026-09-28T01:54:00Z,reddit,r/AirbnbHosts,https://www.reddit.com/r/AirbnbHosts/search/?q=charge+for+cohosting,How do you actually charge for Airbnb co-hosting?,Owner confused on fee structure — flat vs % vs hybrid,A,12,COMMENT,LEVEL_2_TEACH,"The two main models are flat monthly ($200-800/property) and percent of booking (20-30%) + minimum. Hybrid is what most cohosts I know run — 25% + $250 floor — because it protects you when the listing dips and rewards you when it pops. If you want, I've got a free guide that walks through the actual numbers.",FREE_GUIDE,1,0,0,0,0,0,0.0,open,,Drafted by research.py
56,2026-09-28,2026-09-28T01:54:00Z,reddit,r/shorttermrentals,https://www.reddit.com/r/shorttermrentals/search/?q=scale+multiple+airbnbs,How do I scale STR ops from 1 property to 5+?,Owner/operator scaling pain: how to add units without losing quality,G,11,COMMENT,LEVEL_2_TEACH,"Practical scaling path: (1) clean SOPs per zone that any cleaner can run; (2) photo-verification per turnover (non-negotiable); (3) one pricing tool automating daily rates; (4) monthly statement template sent the 5th. Once those four systems exist, scaling is just adding properties — without them, scaling is hiring yourself into a corner.",FREE_GUIDE,1,0,0,0,0,0,0.0,open,,Drafted by research.py
57,2026-09-28,2026-09-28T01:54:00Z,reddit,r/cohosting,https://www.reddit.com/r/cohosting/search/?q=first+cohosting+client,How long to land your first cohost client?,How long does the acquisition cycle actually take?,A,7,COMMENT,LEVEL_1_VALUE,"Realistic answer based on what I see: a disciplined 30-day plan lands 1-2 clients in most markets. Without a plan, 3-6 months of inconsistent cold outreach is the norm. The bottleneck is almost always the cold-pitch cadence (5/day for 30 days) not the skill.",,0,0,0,0,0,0,0.0,open,,Drafted by research.py
58,2026-09-28,2026-09-28T01:54:00Z,reddit,r/PropertyManagement,https://www.reddit.com/r/PropertyManagement/search/?q=more+revenue+without+raising+rates,How do PMs get more revenue without raising rates?,Existing PMs looking for new services or upsells,G,3,COMMENT,LEVEL_1_VALUE,"Highest-leverage add-on for traditional PMs: short-term-rental co-hosting. Owners don't have to switch PMs — they add you for the STR side of the portfolio. 20-30% of bookings is the rate, and the workload (guest messaging, cleaners, pricing) is mostly systems-driven.",,0,0,0,0,0,0,0.0,open,,Drafted by research.py
59,2026-09-28,2026-09-28T01:54:00Z,reddit,r/RealEstate,https://www.reddit.com/r/RealEstate/search/?q=side+income+without+owning+property,Side income from real estate without owning property?,Want real-estate side income without buying,D,12,COMMENT,LEVEL_2_TEACH,"Yes — co-hosting. You take over someone else's Airbnb and run it for a fee. Most cohosts start with 1-2 units from owners in their network. If you want, we put the operating playbook (positioning brief, 30-day plan, contract template, pricing math) into a starter kit: https://www.hostflow.academy/",STARTER_KIT,0,1,0,0,0,0,0.0,open,,Drafted by research.py
60,2026-09-28,2026-09-28T01:54:00Z,reddit,r/sidehustle,https://www.reddit.com/r/sidehustle/search/?q=side+hustle+property+management,What's a real side hustle that pays $1K+/month?,Looking for a serious side hustle,D,12,COMMENT,LEVEL_2_TEACH,"If you have basic organizational skills and don't mind guest messages at 10pm: Airbnb co-hosting. One client at 25% on a $4K/month booking is $1K. Three clients and you're at $3K. The work scales through systems (cleaners, messages, pricing) not hours.",FREE_GUIDE,1,0,0,0,0,0,0.0,open,,Drafted by research.py
49,2026-09-28,2026-09-28T01:53:41Z,reddit,r/AirbnbHosts,https://www.reddit.com/r/AirbnbHosts/search/?q=charge+for+cohosting,How do you actually charge for Airbnb co-hosting?,Owner confused on fee structure — flat vs % vs hybrid,A,12,COMMENT,LEVEL_2_TEACH,"The two main models are flat monthly ($200-800/property) and percent of booking (20-30%) + minimum. Hybrid is what most cohosts I know run — 25% + $250 floor — because it protects you when the listing dips and rewards you when it pops. If you want, I've got a free guide that walks through the actual numbers.",FREE_GUIDE,1,0,0,0,0,0,0.0,open,,Drafted by research.py
50,2026-09-28,2026-09-28T01:53:41Z,reddit,r/shorttermrentals,https://www.reddit.com/r/shorttermrentals/search/?q=scale+multiple+airbnbs,How do I scale STR ops from 1 property to 5+?,Owner/operator scaling pain: how to add units without losing quality,G,11,COMMENT,LEVEL_2_TEACH,"Practical scaling path: (1) clean SOPs per zone that any cleaner can run; (2) photo-verification per turnover (non-negotiable); (3) one pricing tool automating daily rates; (4) monthly statement template sent the 5th. Once those four systems exist, scaling is just adding properties — without them, scaling is hiring yourself into a corner.",FREE_GUIDE,1,0,0,0,0,0,0.0,open,,Drafted by research.py
51,2026-09-28,2026-09-28T01:53:41Z,reddit,r/cohosting,https://www.reddit.com/r/cohosting/search/?q=first+cohosting+client,How long to land your first cohost client?,How long does the acquisition cycle actually take?,A,7,COMMENT,LEVEL_1_VALUE,"Realistic answer based on what I see: a disciplined 30-day plan lands 1-2 clients in most markets. Without a plan, 3-6 months of inconsistent cold outreach is the norm. The bottleneck is almost always the cold-pitch cadence (5/day for 30 days) not the skill.",,0,0,0,0,0,0,0.0,open,,Drafted by research.py
52,2026-09-28,2026-09-28T01:53:41Z,reddit,r/PropertyManagement,https://www.reddit.com/r/PropertyManagement/search/?q=more+revenue+without+raising+rates,How do PMs get more revenue without raising rates?,Existing PMs looking for new services or upsells,G,3,COMMENT,LEVEL_1_VALUE,"Highest-leverage add-on for traditional PMs: short-term-rental co-hosting. Owners don't have to switch PMs — they add you for the STR side of the portfolio. 20-30% of bookings is the rate, and the workload (guest messaging, cleaners, pricing) is mostly systems-driven.",,0,0,0,0,0,0,0.0,open,,Drafted by research.py
53,2026-09-28,2026-09-28T01:53:41Z,reddit,r/RealEstate,https://www.reddit.com/r/RealEstate/search/?q=side+income+without+owning+property,Side income from real estate without owning property?,Want real-estate side income without buying,D,12,COMMENT,LEVEL_2_TEACH,"Yes — co-hosting. You take over someone else's Airbnb and run it for a fee. Most cohosts start with 1-2 units from owners in their network. If you want, we put the operating playbook (positioning brief, 30-day plan, contract template, pricing math) into a starter kit: https://www.hostflow.academy/",STARTER_KIT,0,1,0,0,0,0,0.0,open,,Drafted by research.py
54,2026-09-28,2026-09-28T01:53:41Z,reddit,r/sidehustle,https://www.reddit.com/r/sidehustle/search/?q=side+hustle+property+management,What's a real side hustle that pays $1K+/month?,Looking for a serious side hustle,D,12,COMMENT,LEVEL_2_TEACH,"If you have basic organizational skills and don't mind guest messages at 10pm: Airbnb co-hosting. One client at 25% on a $4K/month booking is $1K. Three clients and you're at $3K. The work scales through systems (cleaners, messages, pricing) not hours.",FREE_GUIDE,1,0,0,0,0,0,0.0,open,,Drafted by research.py
43,2026-09-28,2026-09-28T01:53:02Z,reddit,r/AirbnbHosts,https://www.reddit.com/r/AirbnbHosts/search/?q=charge+for+cohosting,How do you actually charge for Airbnb co-hosting?,Owner confused on fee structure — flat vs % vs hybrid,A,12,COMMENT,LEVEL_2_TEACH,"The two main models are flat monthly ($200-800/property) and percent of booking (20-30%) + minimum. Hybrid is what most cohosts I know run — 25% + $250 floor — because it protects you when the listing dips and rewards you when it pops. If you want, I've got a free guide that walks through the actual numbers.",FREE_GUIDE,1,0,0,0,0,0,0.0,open,,Drafted by research.py
44,2026-09-28,2026-09-28T01:53:02Z,reddit,r/shorttermrentals,https://www.reddit.com/r/shorttermrentals/search/?q=scale+multiple+airbnbs,How do I scale STR ops from 1 property to 5+?,Owner/operator scaling pain: how to add units without losing quality,G,11,COMMENT,LEVEL_2_TEACH,"Practical scaling path: (1) clean SOPs per zone that any cleaner can run; (2) photo-verification per turnover (non-negotiable); (3) one pricing tool automating daily rates; (4) monthly statement template sent the 5th. Once those four systems exist, scaling is just adding properties — without them, scaling is hiring yourself into a corner.",FREE_GUIDE,1,0,0,0,0,0,0.0,open,,Drafted by research.py
45,2026-09-28,2026-09-28T01:53:02Z,reddit,r/cohosting,https://www.reddit.com/r/cohosting/search/?q=first+cohosting+client,How long to land your first cohost client?,How long does the acquisition cycle actually take?,A,7,COMMENT,LEVEL_1_VALUE,"Realistic answer based on what I see: a disciplined 30-day plan lands 1-2 clients in most markets. Without a plan, 3-6 months of inconsistent cold outreach is the norm. The bottleneck is almost always the cold-pitch cadence (5/day for 30 days) not the skill.",,0,0,0,0,0,0,0.0,open,,Drafted by research.py
46,2026-09-28,2026-09-28T01:53:02Z,reddit,r/PropertyManagement,https://www.reddit.com/r/PropertyManagement/search/?q=more+revenue+without+raising+rates,How do PMs get more revenue without raising rates?,Existing PMs looking for new services or upsells,G,3,COMMENT,LEVEL_1_VALUE,"Highest-leverage add-on for traditional PMs: short-term-rental co-hosting. Owners don't have to switch PMs — they add you for the STR side of the portfolio. 20-30% of bookings is the rate, and the workload (guest messaging, cleaners, pricing) is mostly systems-driven.",,0,0,0,0,0,0,0.0,open,,Drafted by research.py
47,2026-09-28,2026-09-28T01:53:02Z,reddit,r/RealEstate,https://www.reddit.com/r/RealEstate/search/?q=side+income+without+owning+property,Side income from real estate without owning property?,Want real-estate side income without buying,D,12,COMMENT,LEVEL_2_TEACH,"Yes — co-hosting. You take over someone else's Airbnb and run it for a fee. Most cohosts start with 1-2 units from owners in their network. If you want, we put the operating playbook (positioning brief, 30-day plan, contract template, pricing math) into a starter kit: https://www.hostflow.academy/",STARTER_KIT,0,1,0,0,0,0,0.0,open,,Drafted by research.py
48,2026-09-28,2026-09-28T01:53:02Z,reddit,r/sidehustle,https://www.reddit.com/r/sidehustle/search/?q=side+hustle+property+management,What's a real side hustle that pays $1K+/month?,Looking for a serious side hustle,D,12,COMMENT,LEVEL_2_TEACH,"If you have basic organizational skills and don't mind guest messages at 10pm: Airbnb co-hosting. One client at 25% on a $4K/month booking is $1K. Three clients and you're at $3K. The work scales through systems (cleaners, messages, pricing) not hours.",FREE_GUIDE,1,0,0,0,0,0,0.0,open,,Drafted by research.py
25,2026-09-27,2026-09-27T17:36:12Z,reddit,r/AirbnbHosts,https://www.reddit.com/r/AirbnbHosts/search/?q=charge+for+cohosting,How do you actually charge for Airbnb co-hosting?,Owner confused on fee structure — flat vs % vs hybrid,A,12,COMMENT,LEVEL_2_TEACH,"The two main models are flat monthly ($200-800/property) and percent of booking (20-30%) + minimum. Hybrid is what most cohosts I know run — 25% + $250 floor — because it protects you when the listing dips and rewards you when it pops. If you want, I've got a free guide that walks through the actual numbers.",FREE_GUIDE,1,0,0,0,0,0,0.0,open,,Drafted by research.py
26,2026-09-27,2026-09-27T17:36:12Z,reddit,r/shorttermrentals,https://www.reddit.com/r/shorttermrentals/search/?q=scale+multiple+airbnbs,How do I scale STR ops from 1 property to 5+?,Owner/operator scaling pain: how to add units without losing quality,G,11,COMMENT,LEVEL_2_TEACH,"Practical scaling path: (1) clean SOPs per zone that any cleaner can run; (2) photo-verification per turnover (non-negotiable); (3) one pricing tool automating daily rates; (4) monthly statement template sent the 5th. Once those four systems exist, scaling is just adding properties — without them, scaling is hiring yourself into a corner.",FREE_GUIDE,1,0,0,0,0,0,0.0,open,,Drafted by research.py
27,2026-09-27,2026-09-27T17:36:12Z,reddit,r/cohosting,https://www.reddit.com/r/cohosting/search/?q=first+cohosting+client,How long to land your first cohost client?,How long does the acquisition cycle actually take?,A,7,COMMENT,LEVEL_1_VALUE,"Realistic answer based on what I see: a disciplined 30-day plan lands 1-2 clients in most markets. Without a plan, 3-6 months of inconsistent cold outreach is the norm. The bottleneck is almost always the cold-pitch cadence (5/day for 30 days) not the skill.",,0,0,0,0,0,0,0.0,open,,Drafted by research.py
28,2026-09-27,2026-09-27T17:36:12Z,reddit,r/PropertyManagement,https://www.reddit.com/r/PropertyManagement/search/?q=more+revenue+without+raising+rates,How do PMs get more revenue without raising rates?,Existing PMs looking for new services or upsells,G,3,COMMENT,LEVEL_1_VALUE,"Highest-leverage add-on for traditional PMs: short-term-rental co-hosting. Owners don't have to switch PMs — they add you for the STR side of the portfolio. 20-30% of bookings is the rate, and the workload (guest messaging, cleaners, pricing) is mostly systems-driven.",,0,0,0,0,0,0,0.0,open,,Drafted by research.py
29,2026-09-27,2026-09-27T17:36:12Z,reddit,r/RealEstate,https://www.reddit.com/r/RealEstate/search/?q=side+income+without+owning+property,Side income from real estate without owning property?,Want real-estate side income without buying,D,12,COMMENT,LEVEL_2_TEACH,"Yes — co-hosting. You take over someone else's Airbnb and run it for a fee. Most cohosts start with 1-2 units from owners in their network. If you want, we put the operating playbook (positioning brief, 30-day plan, contract template, pricing math) into a starter kit: https://www.hostflow.academy/",STARTER_KIT,0,1,0,0,0,0,0.0,open,,Drafted by research.py
30,2026-09-27,2026-09-27T17:36:12Z,reddit,r/sidehustle,https://www.reddit.com/r/sidehustle/search/?q=side+hustle+property+management,What's a real side hustle that pays $1K+/month?,Looking for a serious side hustle,D,12,COMMENT,LEVEL_2_TEACH,"If you have basic organizational skills and don't mind guest messages at 10pm: Airbnb co-hosting. One client at 25% on a $4K/month booking is $1K. Three clients and you're at $3K. The work scales through systems (cleaners, messages, pricing) not hours.",FREE_GUIDE,1,0,0,0,0,0,0.0,open,,Drafted by research.py
31,2026-09-27,2026-09-27T17:36:12Z,reddit,r/AirbnbHosts,https://www.reddit.com/r/AirbnbHosts/search/?q=charge+for+cohosting,How do you actually charge for Airbnb co-hosting?,Owner confused on fee structure — flat vs % vs hybrid,A,12,COMMENT,LEVEL_2_TEACH,"The two main models are flat monthly ($200-800/property) and percent of booking (20-30%) + minimum. Hybrid is what most cohosts I know run — 25% + $250 floor — because it protects you when the listing dips and rewards you when it pops. If you want, I've got a free guide that walks through the actual numbers.",FREE_GUIDE,1,0,0,0,0,0,0.0,open,,Drafted by research.py
32,2026-09-27,2026-09-27T17:36:12Z,reddit,r/shorttermrentals,https://www.reddit.com/r/shorttermrentals/search/?q=scale+multiple+airbnbs,How do I scale STR ops from 1 property to 5+?,Owner/operator scaling pain: how to add units without losing quality,G,11,COMMENT,LEVEL_2_TEACH,"Practical scaling path: (1) clean SOPs per zone that any cleaner can run; (2) photo-verification per turnover (non-negotiable); (3) one pricing tool automating daily rates; (4) monthly statement template sent the 5th. Once those four systems exist, scaling is just adding properties — without them, scaling is hiring yourself into a corner.",FREE_GUIDE,1,0,0,0,0,0,0.0,open,,Drafted by research.py
33,2026-09-27,2026-09-27T17:36:12Z,reddit,r/cohosting,https://www.reddit.com/r/cohosting/search/?q=first+cohosting+client,How long to land your first cohost client?,How long does the acquisition cycle actually take?,A,7,COMMENT,LEVEL_1_VALUE,"Realistic answer based on what I see: a disciplined 30-day plan lands 1-2 clients in most markets. Without a plan, 3-6 months of inconsistent cold outreach is the norm. The bottleneck is almost always the cold-pitch cadence (5/day for 30 days) not the skill.",,0,0,0,0,0,0,0.0,open,,Drafted by research.py
34,2026-09-27,2026-09-27T17:36:12Z,reddit,r/PropertyManagement,https://www.reddit.com/r/PropertyManagement/search/?q=more+revenue+without+raising+rates,How do PMs get more revenue without raising rates?,Existing PMs looking for new services or upsells,G,3,COMMENT,LEVEL_1_VALUE,"Highest-leverage add-on for traditional PMs: short-term-rental co-hosting. Owners don't have to switch PMs — they add you for the STR side of the portfolio. 20-30% of bookings is the rate, and the workload (guest messaging, cleaners, pricing) is mostly systems-driven.",,0,0,0,0,0,0,0.0,open,,Drafted by research.py
35,2026-09-27,2026-09-27T17:36:12Z,reddit,r/RealEstate,https://www.reddit.com/r/RealEstate/search/?q=side+income+without+owning+property,Side income from real estate without owning property?,Want real-estate side income without buying,D,12,COMMENT,LEVEL_2_TEACH,"Yes — co-hosting. You take over someone else's Airbnb and run it for a fee. Most cohosts start with 1-2 units from owners in their network. If you want, we put the operating playbook (positioning brief, 30-day plan, contract template, pricing math) into a starter kit: https://www.hostflow.academy/",STARTER_KIT,0,1,0,0,0,0,0.0,open,,Drafted by research.py
36,2026-09-27,2026-09-27T17:36:12Z,reddit,r/sidehustle,https://www.reddit.com/r/sidehustle/search/?q=side+hustle+property+management,What's a real side hustle that pays $1K+/month?,Looking for a serious side hustle,D,12,COMMENT,LEVEL_2_TEACH,"If you have basic organizational skills and don't mind guest messages at 10pm: Airbnb co-hosting. One client at 25% on a $4K/month booking is $1K. Three clients and you're at $3K. The work scales through systems (cleaners, messages, pricing) not hours.",FREE_GUIDE,1,0,0,0,0,0,0.0,open,,Drafted by research.py
37,2026-09-27,2026-09-27T17:36:12Z,reddit,r/AirbnbHosts,https://www.reddit.com/r/AirbnbHosts/search/?q=charge+for+cohosting,How do you actually charge for Airbnb co-hosting?,Owner confused on fee structure — flat vs % vs hybrid,A,12,COMMENT,LEVEL_2_TEACH,"The two main models are flat monthly ($200-800/property) and percent of booking (20-30%) + minimum. Hybrid is what most cohosts I know run — 25% + $250 floor — because it protects you when the listing dips and rewards you when it pops. If you want, I've got a free guide that walks through the actual numbers.",FREE_GUIDE,1,0,0,0,0,0,0.0,open,,Drafted by research.py
38,2026-09-27,2026-09-27T17:36:12Z,reddit,r/shorttermrentals,https://www.reddit.com/r/shorttermrentals/search/?q=scale+multiple+airbnbs,How do I scale STR ops from 1 property to 5+?,Owner/operator scaling pain: how to add units without losing quality,G,11,COMMENT,LEVEL_2_TEACH,"Practical scaling path: (1) clean SOPs per zone that any cleaner can run; (2) photo-verification per turnover (non-negotiable); (3) one pricing tool automating daily rates; (4) monthly statement template sent the 5th. Once those four systems exist, scaling is just adding properties — without them, scaling is hiring yourself into a corner.",FREE_GUIDE,1,0,0,0,0,0,0.0,open,,Drafted by research.py
39,2026-09-27,2026-09-27T17:36:12Z,reddit,r/cohosting,https://www.reddit.com/r/cohosting/search/?q=first+cohosting+client,How long to land your first cohost client?,How long does the acquisition cycle actually take?,A,7,COMMENT,LEVEL_1_VALUE,"Realistic answer based on what I see: a disciplined 30-day plan lands 1-2 clients in most markets. Without a plan, 3-6 months of inconsistent cold outreach is the norm. The bottleneck is almost always the cold-pitch cadence (5/day for 30 days) not the skill.",,0,0,0,0,0,0,0.0,open,,Drafted by research.py
40,2026-09-27,2026-09-27T17:36:12Z,reddit,r/PropertyManagement,https://www.reddit.com/r/PropertyManagement/search/?q=more+revenue+without+raising+rates,How do PMs get more revenue without raising rates?,Existing PMs looking for new services or upsells,G,3,COMMENT,LEVEL_1_VALUE,"Highest-leverage add-on for traditional PMs: short-term-rental co-hosting. Owners don't have to switch PMs — they add you for the STR side of the portfolio. 20-30% of bookings is the rate, and the workload (guest messaging, cleaners, pricing) is mostly systems-driven.",,0,0,0,0,0,0,0.0,open,,Drafted by research.py
41,2026-09-27,2026-09-27T17:36:12Z,reddit,r/RealEstate,https://www.reddit.com/r/RealEstate/search/?q=side+income+without+owning+property,Side income from real estate without owning property?,Want real-estate side income without buying,D,12,COMMENT,LEVEL_2_TEACH,"Yes — co-hosting. You take over someone else's Airbnb and run it for a fee. Most cohosts start with 1-2 units from owners in their network. If you want, we put the operating playbook (positioning brief, 30-day plan, contract template, pricing math) into a starter kit: https://www.hostflow.academy/",STARTER_KIT,0,1,0,0,0,0,0.0,open,,Drafted by research.py
42,2026-09-27,2026-09-27T17:36:12Z,reddit,r/sidehustle,https://www.reddit.com/r/sidehustle/search/?q=side+hustle+property+management,What's a real side hustle that pays $1K+/month?,Looking for a serious side hustle,D,12,COMMENT,LEVEL_2_TEACH,"If you have basic organizational skills and don't mind guest messages at 10pm: Airbnb co-hosting. One client at 25% on a $4K/month booking is $1K. Three clients and you're at $3K. The work scales through systems (cleaners, messages, pricing) not hours.",FREE_GUIDE,1,0,0,0,0,0,0.0,open,,Drafted by research.py
24,2026-09-27,2026-09-27T17:35:26Z,reddit,r/sidehustle,https://www.reddit.com/r/sidehustle/search/?q=side+hustle+property+management,What's a real side hustle that pays $1K+/month?,Looking for a serious side hustle,D,12,COMMENT,LEVEL_2_TEACH,"If you have basic organizational skills and don't mind guest messages at 10pm: Airbnb co-hosting. One client at 25% on a $4K/month booking is $1K. Three clients and you're at $3K. The work scales through systems (cleaners, messages, pricing) not hours.",FREE_GUIDE,1,0,0,0,0,0,0.0,open,,Drafted by research.py
19,2026-09-27,2026-09-27T17:35:25Z,reddit,r/AirbnbHosts,https://www.reddit.com/r/AirbnbHosts/search/?q=charge+for+cohosting,How do you actually charge for Airbnb co-hosting?,Owner confused on fee structure — flat vs % vs hybrid,A,12,COMMENT,LEVEL_2_TEACH,"The two main models are flat monthly ($200-800/property) and percent of booking (20-30%) + minimum. Hybrid is what most cohosts I know run — 25% + $250 floor — because it protects you when the listing dips and rewards you when it pops. If you want, I've got a free guide that walks through the actual numbers.",FREE_GUIDE,1,0,0,0,0,0,0.0,open,,Drafted by research.py
20,2026-09-27,2026-09-27T17:35:25Z,reddit,r/shorttermrentals,https://www.reddit.com/r/shorttermrentals/search/?q=scale+multiple+airbnbs,How do I scale STR ops from 1 property to 5+?,Owner/operator scaling pain: how to add units without losing quality,G,11,COMMENT,LEVEL_2_TEACH,"Practical scaling path: (1) clean SOPs per zone that any cleaner can run; (2) photo-verification per turnover (non-negotiable); (3) one pricing tool automating daily rates; (4) monthly statement template sent the 5th. Once those four systems exist, scaling is just adding properties — without them, scaling is hiring yourself into a corner.",FREE_GUIDE,1,0,0,0,0,0,0.0,open,,Drafted by research.py
21,2026-09-27,2026-09-27T17:35:25Z,reddit,r/cohosting,https://www.reddit.com/r/cohosting/search/?q=first+cohosting+client,How long to land your first cohost client?,How long does the acquisition cycle actually take?,A,7,COMMENT,LEVEL_1_VALUE,"Realistic answer based on what I see: a disciplined 30-day plan lands 1-2 clients in most markets. Without a plan, 3-6 months of inconsistent cold outreach is the norm. The bottleneck is almost always the cold-pitch cadence (5/day for 30 days) not the skill.",,0,0,0,0,0,0,0.0,open,,Drafted by research.py
22,2026-09-27,2026-09-27T17:35:25Z,reddit,r/PropertyManagement,https://www.reddit.com/r/PropertyManagement/search/?q=more+revenue+without+raising+rates,How do PMs get more revenue without raising rates?,Existing PMs looking for new services or upsells,G,3,COMMENT,LEVEL_1_VALUE,"Highest-leverage add-on for traditional PMs: short-term-rental co-hosting. Owners don't have to switch PMs — they add you for the STR side of the portfolio. 20-30% of bookings is the rate, and the workload (guest messaging, cleaners, pricing) is mostly systems-driven.",,0,0,0,0,0,0,0.0,open,,Drafted by research.py
23,2026-09-27,2026-09-27T17:35:25Z,reddit,r/RealEstate,https://www.reddit.com/r/RealEstate/search/?q=side+income+without+owning+property,Side income from real estate without owning property?,Want real-estate side income without buying,D,12,COMMENT,LEVEL_2_TEACH,"Yes — co-hosting. You take over someone else's Airbnb and run it for a fee. Most cohosts start with 1-2 units from owners in their network. If you want, we put the operating playbook (positioning brief, 30-day plan, contract template, pricing math) into a starter kit: https://www.hostflow.academy/",STARTER_KIT,0,1,0,0,0,0,0.0,open,,Drafted by research.py
13,2026-09-27,2026-09-27T17:33:38Z,reddit,r/AirbnbHosts,https://www.reddit.com/r/AirbnbHosts/search/?q=charge+for+cohosting,How do you actually charge for Airbnb co-hosting?,Owner confused on fee structure — flat vs % vs hybrid,A,12,COMMENT,LEVEL_2_TEACH,"The two main models are flat monthly ($200-800/property) and percent of booking (20-30%) + minimum. Hybrid is what most cohosts I know run — 25% + $250 floor — because it protects you when the listing dips and rewards you when it pops. If you want, I've got a free guide that walks through the actual numbers.",FREE_GUIDE,1,0,0,0,0,0,0.0,open,,Drafted by research.py
14,2026-09-27,2026-09-27T17:33:38Z,reddit,r/shorttermrentals,https://www.reddit.com/r/shorttermrentals/search/?q=scale+multiple+airbnbs,How do I scale STR ops from 1 property to 5+?,Owner/operator scaling pain: how to add units without losing quality,G,11,COMMENT,LEVEL_2_TEACH,"Practical scaling path: (1) clean SOPs per zone that any cleaner can run; (2) photo-verification per turnover (non-negotiable); (3) one pricing tool automating daily rates; (4) monthly statement template sent the 5th. Once those four systems exist, scaling is just adding properties — without them, scaling is hiring yourself into a corner.",FREE_GUIDE,1,0,0,0,0,0,0.0,open,,Drafted by research.py
15,2026-09-27,2026-09-27T17:33:38Z,reddit,r/cohosting,https://www.reddit.com/r/cohosting/search/?q=first+cohosting+client,How long to land your first cohost client?,How long does the acquisition cycle actually take?,A,7,COMMENT,LEVEL_1_VALUE,"Realistic answer based on what I see: a disciplined 30-day plan lands 1-2 clients in most markets. Without a plan, 3-6 months of inconsistent cold outreach is the norm. The bottleneck is almost always the cold-pitch cadence (5/day for 30 days) not the skill.",,0,0,0,0,0,0,0.0,open,,Drafted by research.py
16,2026-09-27,2026-09-27T17:33:38Z,reddit,r/PropertyManagement,https://www.reddit.com/r/PropertyManagement/search/?q=more+revenue+without+raising+rates,How do PMs get more revenue without raising rates?,Existing PMs looking for new services or upsells,G,3,COMMENT,LEVEL_1_VALUE,"Highest-leverage add-on for traditional PMs: short-term-rental co-hosting. Owners don't have to switch PMs — they add you for the STR side of the portfolio. 20-30% of bookings is the rate, and the workload (guest messaging, cleaners, pricing) is mostly systems-driven.",,0,0,0,0,0,0,0.0,open,,Drafted by research.py
17,2026-09-27,2026-09-27T17:33:38Z,reddit,r/RealEstate,https://www.reddit.com/r/RealEstate/search/?q=side+income+without+owning+property,Side income from real estate without owning property?,Want real-estate side income without buying,D,12,COMMENT,LEVEL_2_TEACH,"Yes — co-hosting. You take over someone else's Airbnb and run it for a fee. Most cohosts start with 1-2 units from owners in their network. If you want, we put the operating playbook (positioning brief, 30-day plan, contract template, pricing math) into a starter kit: https://www.hostflow.academy/",STARTER_KIT,0,1,0,0,0,0,0.0,open,,Drafted by research.py
18,2026-09-27,2026-09-27T17:33:38Z,reddit,r/sidehustle,https://www.reddit.com/r/sidehustle/search/?q=side+hustle+property+management,What's a real side hustle that pays $1K+/month?,Looking for a serious side hustle,D,12,COMMENT,LEVEL_2_TEACH,"If you have basic organizational skills and don't mind guest messages at 10pm: Airbnb co-hosting. One client at 25% on a $4K/month booking is $1K. Three clients and you're at $3K. The work scales through systems (cleaners, messages, pricing) not hours.",FREE_GUIDE,1,0,0,0,0,0,0.0,open,,Drafted by research.py
7,2026-09-27,2026-09-27T17:33:11Z,reddit,r/AirbnbHosts,https://www.reddit.com/r/AirbnbHosts/search/?q=charge+for+cohosting,How do you actually charge for Airbnb co-hosting?,Owner confused on fee structure — flat vs % vs hybrid,A,12,COMMENT,LEVEL_2_TEACH,"The two main models are flat monthly ($200-800/property) and percent of booking (20-30%) + minimum. Hybrid is what most cohosts I know run — 25% + $250 floor — because it protects you when the listing dips and rewards you when it pops. If you want, I've got a free guide that walks through the actual numbers.",FREE_GUIDE,1,0,0,0,0,0,0.0,open,,Drafted by research.py
8,2026-09-27,2026-09-27T17:33:11Z,reddit,r/shorttermrentals,https://www.reddit.com/r/shorttermrentals/search/?q=scale+multiple+airbnbs,How do I scale STR ops from 1 property to 5+?,Owner/operator scaling pain: how to add units without losing quality,G,11,COMMENT,LEVEL_2_TEACH,"Practical scaling path: (1) clean SOPs per zone that any cleaner can run; (2) photo-verification per turnover (non-negotiable); (3) one pricing tool automating daily rates; (4) monthly statement template sent the 5th. Once those four systems exist, scaling is just adding properties — without them, scaling is hiring yourself into a corner.",FREE_GUIDE,1,0,0,0,0,0,0.0,open,,Drafted by research.py
9,2026-09-27,2026-09-27T17:33:11Z,reddit,r/cohosting,https://www.reddit.com/r/cohosting/search/?q=first+cohosting+client,How long to land your first cohost client?,How long does the acquisition cycle actually take?,A,7,COMMENT,LEVEL_1_VALUE,"Realistic answer based on what I see: a disciplined 30-day plan lands 1-2 clients in most markets. Without a plan, 3-6 months of inconsistent cold outreach is the norm. The bottleneck is almost always the cold-pitch cadence (5/day for 30 days) not the skill.",,0,0,0,0,0,0,0.0,open,,Drafted by research.py
10,2026-09-27,2026-09-27T17:33:11Z,reddit,r/PropertyManagement,https://www.reddit.com/r/PropertyManagement/search/?q=more+revenue+without+raising+rates,How do PMs get more revenue without raising rates?,Existing PMs looking for new services or upsells,G,3,COMMENT,LEVEL_1_VALUE,"Highest-leverage add-on for traditional PMs: short-term-rental co-hosting. Owners don't have to switch PMs — they add you for the STR side of the portfolio. 20-30% of bookings is the rate, and the workload (guest messaging, cleaners, pricing) is mostly systems-driven.",,0,0,0,0,0,0,0.0,open,,Drafted by research.py
11,2026-09-27,2026-09-27T17:33:11Z,reddit,r/RealEstate,https://www.reddit.com/r/RealEstate/search/?q=side+income+without+owning+property,Side income from real estate without owning property?,Want real-estate side income without buying,D,12,COMMENT,LEVEL_2_TEACH,"Yes — co-hosting. You take over someone else's Airbnb and run it for a fee. Most cohosts start with 1-2 units from owners in their network. If you want, we put the operating playbook (positioning brief, 30-day plan, contract template, pricing math) into a starter kit: https://www.hostflow.academy/",STARTER_KIT,0,1,0,0,0,0,0.0,open,,Drafted by research.py
12,2026-09-27,2026-09-27T17:33:11Z,reddit,r/sidehustle,https://www.reddit.com/r/sidehustle/search/?q=side+hustle+property+management,What's a real side hustle that pays $1K+/month?,Looking for a serious side hustle,D,12,COMMENT,LEVEL_2_TEACH,"If you have basic organizational skills and don't mind guest messages at 10pm: Airbnb co-hosting. One client at 25% on a $4K/month booking is $1K. Three clients and you're at $3K. The work scales through systems (cleaners, messages, pricing) not hours.",FREE_GUIDE,1,0,0,0,0,0,0.0,open,,Drafted by research.py
5,2026-09-27,2026-09-27T17:32:37Z,reddit,r/AirbnbHosts,https://reddit.com/r/AirbnbHosts/comments/_/example1,How do you actually charge for Airbnb co-hosting?,Owner confused on fee structure — flat vs %,G,12,COMMENT,LEVEL_2_TEACH,"The two common models are a flat monthly fee ($200-800) and a percentage (20-30%) of booking subtotal + minimum. Most cohosts start with a hybrid. If you want, I've got a free guide that maps this out.",FREE_GUIDE,1,0,0,0,0,0,0.0,open,,
6,2026-09-27,2026-09-27T17:32:37Z,reddit,r/shorttermrentals,https://reddit.com/r/shorttermrentals/comments/_/example2,Cleaner won't send turnover photos. What do?,Cleaner accountability / photo verification,F,6,COMMENT,LEVEL_1_VALUE,"Switch to a paid-by-photo model or build photo verification into your SOP. Until turnover photos are non-negotiable, you'll have this conversation weekly.",,0,0,0,0,0,0,0.0,open,,
3,2026-09-27,2026-09-27T17:32:23Z,reddit,r/AirbnbHosts,https://reddit.com/r/AirbnbHosts/comments/_/example1,How do you actually charge for Airbnb co-hosting?,Owner confused on fee structure — flat vs %,G,12,COMMENT,LEVEL_2_TEACH,"The two common models are a flat monthly fee ($200-800) and a percentage (20-30%) of booking subtotal + minimum. Most cohosts start with a hybrid. If you want, I've got a free guide that maps this out.",FREE_GUIDE,1,0,0,0,0,0,0.0,open,,
4,2026-09-27,2026-09-27T17:32:23Z,reddit,r/shorttermrentals,https://reddit.com/r/shorttermrentals/comments/_/example2,Cleaner won't send turnover photos. What do?,Cleaner accountability / photo verification,F,6,COMMENT,LEVEL_1_VALUE,"Switch to a paid-by-photo model or build photo verification into your SOP. Until turnover photos are non-negotiable, you'll have this conversation weekly.",,0,0,0,0,0,0,0.0,open,,
1,2026-09-27,2026-09-27T17:32:05Z,reddit,r/AirbnbHosts,https://reddit.com/r/AirbnbHosts/comments/_/example1,How do you actually charge for Airbnb co-hosting?,Owner confused on fee structure — flat vs %,G,12,COMMENT,LEVEL_2_TEACH,"The two common models are a flat monthly fee ($200-800) and a percentage (20-30%) of booking subtotal + minimum. Most cohosts start with a hybrid. If you want, I've got a free guide that maps this out.",FREE_GUIDE,1,0,0,0,0,0,0.0,open,,
2,2026-09-27,2026-09-27T17:32:05Z,reddit,r/shorttermrentals,https://reddit.com/r/shorttermrentals/comments/_/example2,Cleaner won't send turnover photos. What do?,Cleaner accountability / photo verification,F,6,COMMENT,LEVEL_1_VALUE,"Switch to a paid-by-photo model or build photo verification into your SOP. Until turnover photos are non-negotiable, you'll have this conversation weekly.",,0,0,0,0,0,0,0.0,open,,
